<?xml version="1.0" encoding="UTF-8"?>
<plugin_manifest xmlns="http://www.elgg.org/plugin_manifest/1.8">
	<name>Extended TinyMCE</name>
	<id>extended_tinymce</id>
	<author>iionly / Core developers / Moxiecode Systems AB</author>
	<version>4.3.3</version>
	<category>non-bundled</category>
	<category>enhancement</category>
	<description>HTML WYSIWYG editor for Elgg based on the jquery Tinymce editor.</description>
	<website>https://github.com/iionly</website>
	<copyright>(C) iionly 2012-2016, (C) Curverider 2008-2016, (C) 2003-2016 Moxiecode Systems AB.</copyright>
	<license>GNU General Public License version 2</license>
	<requires>
		<type>elgg_release</type>
		<version>1.9</version>
	</requires>
	<conflicts>
		<type>plugin</type>
		<name>tinymce</name>
	</conflicts>
	<conflicts>
		<type>plugin</type>
		<name>ckeditor</name>
	</conflicts>
</plugin_manifest>
